,index
Agronomy and Crop Science,0
Analytical Chemistry,1
Anesthesiology and Pain Medicine,2
Animal Science and Zoology,3
Applied Microbiology and Biotechnology,4
Aquatic Science,5
Architecture,6
Artificial Intelligence,7
Atmospheric Science,8
Atomic and Molecular Physics,9
Automotive Engineering,10
Biochemistry,11
Biomedical Engineering,12
Biotechnology,13
Business,14
Cardiology and Cardiovascular Medicine,15
Civil and Structural Engineering,16
Communication,17
Complementary and Alternative Medicine,18
Computational Mechanics,19
Computer Science (miscellaneous),20
Critical Care and Intensive Care Medicine,21
Demography,22
Dermatology,23
Drug Discovery,24
Ecology,25
Economics,26
Economics and Econometrics,27
Education,28
Electrical and Electronic Engineering,29
Emergency Medicine,30
Endocrinology,31
Environmental Engineering,32
Experimental and Cognitive Psychology,33
Finance,34
Food Science,35
Gastroenterology,36
General Agricultural and Biological Sciences,37
General Arts and Humanities,38
General Biochemistry,39
General Chemical Engineering,40
General Chemistry,41
General Computer Science,42
General Dentistry,43
General Earth and Planetary Sciences,44
General Economics,45
General Energy,46
General Engineering,47
General Environmental Science,48
General Immunology and Microbiology,49
General Materials Science,50
General Mathematics,51
General Medicine,52
General Neuroscience,53
General Nursing,54
General Physics and Astronomy,55
General Psychology,56
General Social Sciences,57
General Veterinary,58
Geochemistry and Petrology,59
Geology,60
Geotechnical Engineering and Engineering Geology,61
Geriatrics and Gerontology,62
Gerontology,63
Health (social science),64
Health Policy,65
Hematology,66
Hepatology,67
Horticulture,68
Immunology and Allergy,69
Infectious Diseases,70
Information Systems,71
Insect Science,72
Library and Information Sciences,73
Marketing,74
Materials Science (miscellaneous),75
Medicine (miscellaneous),76
Microbiology (medical),77
Molecular Medicine,78
Multidisciplinary,79
Nephrology,80
Neurology (clinical),81
Nuclear and High Energy Physics,82
Obstetrics and Gynecology,83
Oncology,84
Ophthalmology,85
Oral Surgery,86
Organic Chemistry,87
Orthodontics,88
Orthopedics and Sports Medicine,89
Otorhinolaryngology,90
Pathology and Forensic Medicine,91
Pediatrics,92
Periodontics,93
Pharmaceutical Science,94
Physical Therapy,95
Physiology,96
Physiology (medical),97
Plant Science,98
Polymers and Plastics,99
Psychiatry and Mental Health,100
Public Health,101
Pulmonary and Respiratory Medicine,102
Radiology,103
Renewable Energy,104
Rheumatology,105
Small Animals,106
Sociology and Political Science,107
Space and Planetary Science,108
Surgery,109
Transplantation,110
Urology,111
Water Science and Technology,112
